ID,Tipo,Concepto,Monto,Categoria,Fecha,Imagen
1,Ingreso,DEPOSITO INCIAL,1500.0,Vivienda,2025-12-03,Sin imagen
2,Gasto,PAGO DE ARENA,205.0,Vivienda,2025-12-16,Sin imagen
3,Gasto,PAGO MAESTROS,180.0,Vivienda,2025-12-19,Sin imagen
4,Gasto,TABLAS Y PINGOS,64.35,Vivienda,2025-12-24,Sin imagen
5,Gasto,PAGO OFICIAL,140.0,Vivienda,2026-01-16,Sin imagen
6,Gasto,PAGO MAESTRO,180.0,Vivienda,2026-01-16,Sin imagen
7,Gasto,PAGO MATERIALES,23.75,Vivienda,2026-01-20,Sin imagen
8,Gasto,PAGO MATERIALES,67.8,Vivienda,2026-01-21,Sin imagen
9,Gasto,PAGO MAESTROS,210.0,Vivienda,2026-01-23,Sin imagen
